offer_id,offer_type,publish_hour,quantity,price,day_of_week,sell_time_minutes,expired,pickup_hour,velocity_class,date,_demand_factor,day_name
O00001,PIZZA,14,24,12.02,5,65.35630633456803,1,,medium,2024-01-01,0.5,Monday
O00002,BRUNCH,8,14,5.88,4,69.34632472837937,1,,medium,2024-01-02,0.5,Tuesday
O00003,FAST_FOOD,11,15,3.86,5,44.341662012662546,1,,medium,2024-01-03,0.5,Wednesday
O00004,SOUP,13,9,10.62,0,85.25070859117528,1,,medium,2024-01-04,0.5,Thursday
O00005,PASTA,18,8,3.26,4,47.27400596050931,1,,medium,2024-01-05,0.5,Friday
O00006,BBQ,20,16,11.7,4,16.15819588774079,0,22.0,medium,2024-01-06,0.5,Saturday
O00007,CAFE,6,24,6.74,5,87.78853469362664,1,,medium,2024-01-07,0.5,Sunday
O00008,TACO,17,19,4.88,5,61.690136358532044,1,,medium,2024-01-08,0.5,Monday
O00009,SOUP,11,13,14.68,2,38.24587362153554,1,,medium,2024-01-09,0.5,Tuesday
O00010,SEAFOOD,14,21,7.02,0,94.14686657372113,1,,medium,2024-01-10,0.5,Wednesday
O00011,PASTA,10,17,3.22,4,61.24297181580698,0,,medium,2024-01-11,0.5,Thursday
O00012,BBQ,18,8,14.46,4,99.26102291351685,1,,medium,2024-01-12,0.5,Friday
O00013,BURGER,13,52,7.67,6,27.443279835555533,1,,medium,2024-01-13,0.5,Saturday
O00014,PASTA,19,16,4.34,4,47.95594259281273,1,,medium,2024-01-14,0.5,Sunday
O00015,PASTA,16,12,5.99,6,100.68745010323681,1,,medium,2024-01-15,0.5,Monday
O00016,PASTA,14,9,12.87,6,31.814072820825228,1,,medium,2024-01-16,0.5,Tuesday
O00017,PIZZA,17,7,10.76,5,66.87587450113698,1,,medium,2024-01-17,0.5,Wednesday
O00018,SALAD,10,18,4.19,1,115.41626144704306,1,,medium,2024-01-18,0.5,Thursday
O00019,BBQ,16,14,6.33,0,76.95816766293709,0,,medium,2024-01-19,0.5,Friday
O00020,GRILL,19,14,14.5,0,105.28192450290105,1,,medium,2024-01-20,0.5,Saturday
O00021,TACO,13,14,10.01,5,76.5088908008999,1,,medium,2024-01-21,0.5,Sunday
O00022,DESSERT,19,19,11.89,1,61.57828593737338,1,,medium,2024-01-22,0.5,Monday
O00023,BREAKFAST,8,41,4.47,1,88.35127754815562,1,,medium,2024-01-23,0.5,Tuesday
O00024,PIZZA,18,15,5.09,5,4.5727807685480375,0,18.0,fast,2024-01-24,0.5,Wednesday
O00025,BBQ,20,23,14.23,6,77.9570819917929,1,,medium,2024-01-25,0.5,Thursday
O00026,SEAFOOD,17,11,10.5,6,31.43178387596312,1,,medium,2024-01-26,0.5,Friday
O00027,BBQ,17,9,14.49,2,102.22408337890731,1,,medium,2024-01-27,0.5,Saturday
O00028,BRUNCH,6,16,5.55,4,83.78686836918067,0,11.0,medium,2024-01-28,0.5,Sunday
O00029,SUSHI,18,11,12.61,1,97.40578713851595,1,,medium,2024-01-29,0.5,Monday
O00030,BREAKFAST,8,22,11.63,4,159.45691090087485,1,,slow,2024-01-30,0.5,Tuesday
O00031,BRUNCH,9,17,13.27,1,96.71265470200176,1,,medium,2024-01-31,0.5,Wednesday
O00032,SANDWICH,13,7,15.62,0,132.79360516751717,1,,slow,2024-02-01,0.5,Thursday
O00033,BREAKFAST,6,53,10.77,0,66.77090934004642,1,,medium,2024-02-02,0.5,Friday
O00034,VEGAN,13,20,14.9,5,99.38210522581636,1,,medium,2024-02-03,0.5,Saturday
O00035,CAFE,8,7,11.18,0,47.76452493733278,0,15.0,medium,2024-02-04,0.5,Sunday
O00036,PASTA,10,20,12.83,1,164.13500912420432,1,,slow,2024-02-05,0.5,Monday
O00037,GRILL,19,6,5.69,5,109.27190525837744,1,,medium,2024-02-06,0.5,Tuesday
O00038,SALAD,10,21,14.97,2,153.76359991731712,1,,slow,2024-02-07,0.5,Wednesday
O00039,SALAD,13,12,4.42,1,27.511183712696706,0,20.0,medium,2024-02-08,0.5,Thursday
O00040,BRUNCH,10,12,7.17,4,198.32367511381094,1,,slow,2024-02-09,0.5,Friday
O00041,CURRY,15,17,10.68,3,260.9890648795229,1,,slow,2024-02-10,0.5,Saturday
O00042,BREAKFAST,10,17,9.23,6,99.36499237809764,1,,medium,2024-02-11,0.5,Sunday
O00043,PIZZA,14,9,31.58,1,52.34417711783274,1,,medium,2024-02-12,0.5,Monday
O00044,DESSERT,14,19,6.92,6,40.29109971701465,0,19.0,medium,2024-02-13,0.5,Tuesday
O00045,SALAD,14,23,12.79,6,86.25972061350048,1,,medium,2024-02-14,0.5,Wednesday
O00046,BREAKFAST,6,8,3.6,2,64.74269043948263,1,,medium,2024-02-15,0.5,Thursday
O00047,BAKERY,16,13,11.76,3,117.62633227487154,1,,medium,2024-02-16,0.5,Friday
O00048,FAST_FOOD,14,11,12.16,3,86.59186528733906,1,,medium,2024-02-17,0.5,Saturday
O00049,BREAKFAST,6,10,12.74,2,65.72345081234195,0,,medium,2024-02-18,0.5,Sunday
O00050,BURGER,14,26,14.86,6,202.56007095112815,0,,slow,2024-02-19,0.5,Monday
O00051,BRUNCH,10,6,5.97,2,22.516797009640516,0,17.0,medium,2024-02-20,0.5,Tuesday
O00052,CAFE,7,14,13.59,3,88.14549309098345,1,,medium,2024-02-21,0.5,Wednesday
O00053,CURRY,17,21,11.18,0,145.3279575795989,1,,slow,2024-02-22,0.5,Thursday
O00054,SEAFOOD,15,4,8.37,3,252.00549280091133,1,,slow,2024-02-23,0.5,Friday
O00055,BBQ,18,23,5.57,2,78.04085902768429,1,,medium,2024-02-24,0.5,Saturday
O00056,SUSHI,10,11,12.77,4,99.61094908280992,1,,medium,2024-02-25,0.5,Sunday
O00057,CAFE,10,27,11.39,2,110.61659204220743,1,,medium,2024-02-26,0.5,Monday
O00058,PASTA,10,11,5.64,4,96.93182705696564,1,,medium,2024-02-27,0.5,Tuesday
O00059,CAFE,8,15,12.93,3,65.01622455563478,1,,medium,2024-02-28,0.5,Wednesday
O00060,BAKERY,19,19,4.2,3,126.55545747237474,1,,slow,2024-02-29,0.5,Thursday
O00061,FINE_DINING,18,17,4.94,2,47.95422465281991,1,,medium,2024-03-01,0.5,Friday
O00062,TACO,14,12,11.73,3,45.56402536200299,1,,medium,2024-03-02,0.5,Saturday
O00063,PASTA,14,11,12.51,6,39.39477205519935,0,19.0,medium,2024-03-03,0.5,Sunday
O00064,FINE_DINING,15,49,12.3,0,64.01196614961627,1,,medium,2024-03-04,0.5,Monday
O00065,BREAKFAST,10,26,7.49,3,98.45841096621089,1,,medium,2024-03-05,0.5,Tuesday
O00066,CAFE,7,5,4.8,0,142.7158344690975,1,,slow,2024-03-06,0.5,Wednesday
O00067,FAST_FOOD,13,58,13.79,4,87.14172879656869,1,,medium,2024-03-07,0.5,Thursday
O00068,BURGER,10,10,6.66,5,136.25100080807738,1,,slow,2024-03-08,0.5,Friday
O00069,BREAKFAST,7,23,11.52,3,74.3591890618391,1,,medium,2024-03-09,0.5,Saturday
O00070,FAST_FOOD,10,23,7.24,6,51.59357527574297,1,,medium,2024-03-10,0.5,Sunday
O00071,CAFE,7,13,10.96,4,43.407590084089335,1,,medium,2024-03-11,0.5,Monday
O00072,DESSERT,17,16,14.44,3,311.1402028228335,0,,slow,2024-03-12,0.5,Tuesday
O00073,BURGER,19,12,5.0,4,56.68040721918871,1,,medium,2024-03-13,0.5,Wednesday
O00074,SOUP,12,12,4.75,2,115.68755978437504,1,,medium,2024-03-14,0.5,Thursday
O00075,PASTA,12,8,13.35,1,40.38617731503513,1,,medium,2024-03-15,0.5,Friday
O00076,TACO,10,18,9.69,2,51.5825176756828,1,,medium,2024-03-16,0.5,Saturday
O00077,GRILL,18,5,13.24,5,74.94681715863337,1,,medium,2024-03-17,0.5,Sunday
O00078,BRUNCH,8,7,11.59,0,43.78991092252801,1,,medium,2024-03-18,0.5,Monday
O00079,PASTA,17,10,8.23,0,115.29163344585572,1,,medium,2024-03-19,0.5,Tuesday
O00080,DESSERT,15,28,5.82,2,144.61221941564807,1,,slow,2024-03-20,0.5,Wednesday
O00081,PASTA,19,8,11.52,5,158.41293356326162,1,,slow,2024-03-21,0.5,Thursday
O00082,GRILL,19,16,15.48,4,44.59629759371775,1,,medium,2024-03-22,0.5,Friday
O00083,PASTA,16,13,14.51,5,96.75763510318313,1,,medium,2024-03-23,0.5,Saturday
O00084,CURRY,16,26,3.83,0,77.26148828553917,1,,medium,2024-03-24,0.5,Sunday
O00085,GRILL,19,13,9.58,5,54.307386002822504,1,,medium,2024-03-25,0.5,Monday
O00086,BBQ,16,9,26.28,5,36.337654075121094,0,,medium,2024-03-26,0.5,Tuesday
O00087,FAST_FOOD,10,10,11.54,5,30.159205088781917,1,,medium,2024-03-27,0.5,Wednesday
O00088,TACO,19,47,11.47,5,114.93068284369002,1,,medium,2024-03-28,0.5,Thursday
O00089,CAFE,8,19,7.49,3,50.61387631741069,1,,medium,2024-03-29,0.5,Friday
O00090,SUSHI,16,9,10.54,3,54.7447481959364,1,,medium,2024-03-30,0.5,Saturday
O00091,CURRY,14,16,12.78,0,48.595790439244254,1,,medium,2024-01-01,0.5,Monday
O00092,BBQ,17,21,4.13,4,29.619439735763493,1,,medium,2024-01-02,0.5,Tuesday
O00093,SALAD,11,17,11.27,2,98.51345496657423,1,,medium,2024-01-03,0.5,Wednesday
O00094,TACO,12,6,11.78,3,131.22961117915816,1,,slow,2024-01-04,0.5,Thursday
O00095,SALAD,11,7,12.38,3,27.806483956769064,0,11.0,medium,2024-01-05,0.5,Friday
O00096,BURGER,18,11,5.07,5,19.514604739043584,0,19.0,medium,2024-01-06,0.5,Saturday
O00097,SANDWICH,12,17,9.01,5,93.16589831549058,1,,medium,2024-01-07,0.5,Sunday
O00098,BURGER,16,22,5.0,5,14.943170015012893,1,,fast,2024-01-08,0.5,Monday
O00099,SOUP,12,20,8.87,4,6.2978336896808145,0,14.0,fast,2024-01-09,0.5,Tuesday
O00100,BBQ,20,10,7.72,0,102.3525909622539,0,,medium,2024-01-10,0.5,Wednesday
O00101,BREAKFAST,9,23,12.48,5,203.39059231262536,1,,slow,2024-01-11,0.5,Thursday
O00102,SALAD,10,14,7.78,6,44.76543810206642,0,,medium,2024-01-12,0.5,Friday
O00103,PASTA,12,17,14.49,2,161.30010272460618,1,,slow,2024-01-13,0.5,Saturday
O00104,CAFE,10,13,8.29,1,45.34254206704389,1,,medium,2024-01-14,0.5,Sunday
O00105,BURGER,13,18,9.22,6,45.83485640623439,1,,medium,2024-01-15,0.5,Monday
O00106,CURRY,16,11,14.39,5,89.39153608995035,1,,medium,2024-01-16,0.5,Tuesday
O00107,BAKERY,13,13,5.06,0,89.8868834203781,1,,medium,2024-01-17,0.5,Wednesday
O00108,PIZZA,16,24,12.92,0,66.59079461223484,0,16.0,medium,2024-01-18,0.5,Thursday
O00109,SANDWICH,11,54,8.37,5,97.08491838339879,1,,medium,2024-01-19,0.5,Friday
O00110,BRUNCH,8,9,15.66,1,131.88572776174803,1,,slow,2024-01-20,0.5,Saturday
O00111,SEAFOOD,14,26,7.67,6,188.85221667447027,1,,slow,2024-01-21,0.5,Sunday
O00112,CURRY,16,13,10.94,3,26.21825324084089,1,,medium,2024-01-22,0.5,Monday
O00113,SALAD,10,12,8.1,1,71.24581774116744,1,,medium,2024-01-23,0.5,Tuesday
O00114,BAKERY,15,11,15.67,1,33.720662098750346,0,22.0,medium,2024-01-24,0.5,Wednesday
O00115,TACO,19,7,9.32,0,1.10969689493301,0,22.0,fast,2024-01-25,0.5,Thursday
O00116,TACO,10,20,12.51,1,98.9884377761801,1,,medium,2024-01-26,0.5,Friday
O00117,CAFE,10,12,8.6,1,8.770537386108629,0,15.0,fast,2024-01-27,0.5,Saturday
O00118,SALAD,10,4,4.91,6,25.558967655126562,1,,medium,2024-01-28,0.5,Sunday
O00119,CURRY,11,8,9.24,1,233.87689257270492,1,,slow,2024-01-29,0.5,Monday
O00120,SUSHI,14,9,8.32,2,161.97632148075414,1,,slow,2024-01-30,0.5,Tuesday
O00121,SALAD,13,16,5.02,3,93.16203247338363,1,,medium,2024-01-31,0.5,Wednesday
O00122,PIZZA,19,13,3.46,3,163.9824422108854,1,,slow,2024-02-01,0.5,Thursday
O00123,VEGAN,17,19,12.71,0,111.16162423867343,1,,medium,2024-02-02,0.5,Friday
O00124,VEGAN,16,18,9.51,2,146.36960649702777,1,,slow,2024-02-03,0.5,Saturday
O00125,PASTA,15,6,14.56,6,86.31952798770774,1,,medium,2024-02-04,0.5,Sunday
O00126,BRUNCH,10,7,6.54,2,11.61618334464334,0,10.0,fast,2024-02-05,0.5,Monday
O00127,GRILL,20,9,6.95,3,189.91127475886086,1,,slow,2024-02-06,0.5,Tuesday
O00128,PASTA,13,21,6.0,4,53.836410474368364,1,,medium,2024-02-07,0.5,Wednesday
O00129,CURRY,17,42,3.9,3,118.55873134246835,1,,medium,2024-02-08,0.5,Thursday
O00130,VEGAN,10,19,14.64,1,149.6240213952638,1,,slow,2024-02-09,0.5,Friday
O00131,SEAFOOD,12,7,5.7,3,65.48553792490074,1,,medium,2024-02-10,0.5,Saturday
O00132,SEAFOOD,17,6,12.17,1,108.70592098627988,1,,medium,2024-02-11,0.5,Sunday
O00133,BRUNCH,8,14,25.93,5,63.283780747080286,1,,medium,2024-02-12,0.5,Monday
O00134,SUSHI,11,11,5.65,2,53.452602259314276,0,,medium,2024-02-13,0.5,Tuesday
O00135,FAST_FOOD,10,8,11.05,2,162.78470512558474,1,,slow,2024-02-14,0.5,Wednesday
O00136,PASTA,16,11,6.17,6,18.30741674818632,1,,medium,2024-02-15,0.5,Thursday
O00137,PIZZA,14,22,5.23,1,139.62814878043935,1,,slow,2024-02-16,0.5,Friday
O00138,DESSERT,11,23,14.34,5,98.0201860258751,1,,medium,2024-02-17,0.5,Saturday
O00139,BBQ,17,16,9.81,0,106.7378604073588,1,,medium,2024-02-18,0.5,Sunday
O00140,BRUNCH,8,22,11.98,1,140.46345899459263,1,,slow,2024-02-19,0.5,Monday
O00141,FINE_DINING,15,18,8.0,6,140.60219362482965,1,,slow,2024-02-20,0.5,Tuesday
O00142,BAKERY,19,17,10.48,0,17.86944216661363,0,21.0,medium,2024-02-21,0.5,Wednesday
O00143,VEGAN,18,10,12.94,3,96.6308045227695,1,,medium,2024-02-22,0.5,Thursday
O00144,VEGAN,17,20,9.39,2,14.466281862934137,1,,fast,2024-02-23,0.5,Friday
O00145,DESSERT,19,15,6.46,1,80.11160492433724,0,22.0,medium,2024-02-24,0.5,Saturday
O00146,DESSERT,10,20,11.02,5,116.50243362034743,1,,medium,2024-02-25,0.5,Sunday
O00147,BBQ,18,8,6.38,5,28.749014392990084,0,21.0,medium,2024-02-26,0.5,Monday
O00148,FAST_FOOD,11,25,6.64,0,49.73221263933959,1,,medium,2024-02-27,0.5,Tuesday
O00149,BREAKFAST,8,6,3.83,5,64.0614051965064,1,,medium,2024-02-28,0.5,Wednesday
O00150,BBQ,19,20,8.14,0,127.73665281639705,1,,slow,2024-02-29,0.5,Thursday
O00151,BAKERY,11,39,4.34,4,23.59307558882881,0,18.0,medium,2024-03-01,0.5,Friday
O00152,SALAD,11,13,7.95,1,21.70469023849102,1,,medium,2024-03-02,0.5,Saturday
O00153,FINE_DINING,15,22,16.17,4,105.69068288585704,1,,medium,2024-03-03,0.5,Sunday
O00154,SEAFOOD,19,12,14.0,1,82.57229239080286,1,,medium,2024-03-04,0.5,Monday
O00155,SEAFOOD,13,12,4.28,5,40.131598275274676,1,,medium,2024-03-05,0.5,Tuesday
O00156,SANDWICH,13,17,4.04,1,5.960817038389998,0,15.0,fast,2024-03-06,0.5,Wednesday
O00157,CURRY,16,22,2.91,0,64.24349333348954,1,,medium,2024-03-07,0.5,Thursday
O00158,SEAFOOD,15,9,8.47,6,90.21487789109742,1,,medium,2024-03-08,0.5,Friday
O00159,PASTA,15,21,10.95,4,14.48338563290553,0,15.0,fast,2024-03-09,0.5,Saturday
O00160,SALAD,14,42,12.77,3,78.38772181147935,0,,medium,2024-03-10,0.5,Sunday
O00161,SALAD,10,21,9.65,3,56.71135557040909,0,,medium,2024-03-11,0.5,Monday
O00162,DESSERT,15,9,13.81,3,43.72897730075954,1,,medium,2024-03-12,0.5,Tuesday
O00163,BAKERY,11,19,6.13,6,72.56254695713287,1,,medium,2024-03-13,0.5,Wednesday
O00164,CAFE,8,15,12.09,2,130.55805961465543,1,,slow,2024-03-14,0.5,Thursday
O00165,SALAD,13,11,4.5,0,17.775122559151164,1,15.0,medium,2024-03-15,0.5,Friday
O00166,TACO,16,10,23.22,4,85.74768080018063,0,,medium,2024-03-16,0.5,Saturday
O00167,CURRY,15,23,7.29,4,93.94523948364537,1,,medium,2024-03-17,0.5,Sunday
O00168,SANDWICH,14,20,3.39,1,88.17429248468032,1,,medium,2024-03-18,0.5,Monday
O00169,SEAFOOD,14,9,8.29,0,71.08325889440553,1,,medium,2024-03-19,0.5,Tuesday
O00170,SEAFOOD,19,21,9.7,6,54.58624284191391,1,,medium,2024-03-20,0.5,Wednesday
O00171,TACO,10,13,5.15,1,111.4013160730468,1,,medium,2024-03-21,0.5,Thursday
O00172,CURRY,18,4,5.56,0,127.50634808347093,0,22.0,slow,2024-03-22,0.5,Friday
O00173,TACO,12,15,10.75,5,73.22322166067018,1,,medium,2024-03-23,0.5,Saturday
O00174,SANDWICH,13,9,3.15,0,6.30102989833621,0,20.0,fast,2024-03-24,0.5,Sunday
O00175,SANDWICH,10,19,5.43,2,67.07576956349817,1,,medium,2024-03-25,0.5,Monday
O00176,BURGER,18,9,11.21,3,97.39013894658062,1,,medium,2024-03-26,0.5,Tuesday
O00177,BBQ,19,17,10.05,4,46.050783532417036,0,22.0,medium,2024-03-27,0.5,Wednesday
O00178,CAFE,6,10,13.5,2,76.0872728435457,1,,medium,2024-03-28,0.5,Thursday
O00179,FINE_DINING,14,24,6.49,3,101.90131904242251,1,,medium,2024-03-29,0.5,Friday
O00180,SANDWICH,10,18,4.47,4,60.62673348785636,1,,medium,2024-03-30,0.5,Saturday
O00181,PIZZA,13,23,14.34,4,77.55415257715158,1,,medium,2024-01-01,0.5,Monday
O00182,BRUNCH,7,16,15.33,3,50.10017745238265,1,,medium,2024-01-02,0.5,Tuesday
O00183,SANDWICH,14,10,11.09,1,21.96001366086622,1,,medium,2024-01-03,0.5,Wednesday
O00184,CAFE,10,13,6.41,2,71.21787641324644,1,,medium,2024-01-04,0.5,Thursday
O00185,PASTA,19,20,8.16,2,115.79252383062432,1,,medium,2024-01-05,0.5,Friday
O00186,DESSERT,10,6,10.18,6,93.1594284475869,1,,medium,2024-01-06,0.5,Saturday
O00187,BREAKFAST,6,5,9.52,5,4.486233933671051,0,11.0,fast,2024-01-07,0.5,Sunday
O00188,PIZZA,17,6,6.26,4,45.70257734661179,1,,medium,2024-01-08,0.5,Monday
O00189,SALAD,13,23,11.65,6,104.19668287858545,1,,medium,2024-01-09,0.5,Tuesday
O00190,BAKERY,10,10,5.44,5,51.75634259254877,1,,medium,2024-01-10,0.5,Wednesday
O00191,CURRY,10,10,14.83,5,71.3708107341729,1,,medium,2024-01-11,0.5,Thursday
O00192,TACO,16,7,6.79,0,52.715115976061966,1,,medium,2024-01-12,0.5,Friday
O00193,CAFE,10,5,3.32,4,16.620114065162625,0,10.0,medium,2024-01-13,0.5,Saturday
O00194,CAFE,8,22,3.76,6,100.24771427642892,1,,medium,2024-01-14,0.5,Sunday
O00195,TACO,16,12,6.13,3,47.160612385106255,0,19.0,medium,2024-01-15,0.5,Monday
O00196,SALAD,10,8,15.12,0,30.901777514616523,1,,medium,2024-01-16,0.5,Tuesday
O00197,BRUNCH,7,13,4.71,6,45.71959979284793,1,,medium,2024-01-17,0.5,Wednesday
O00198,SALAD,11,15,11.15,6,125.62450170302388,1,,slow,2024-01-18,0.5,Thursday
O00199,BAKERY,11,6,11.13,5,93.26819549226926,1,,medium,2024-01-19,0.5,Friday
O00200,SALAD,12,14,11.22,6,20.453739160324705,1,,medium,2024-01-20,0.5,Saturday
O00201,SANDWICH,12,21,3.7,2,97.55975585055931,1,,medium,2024-01-21,0.5,Sunday
O00202,BREAKFAST,9,21,5.76,0,43.33696197965338,1,,medium,2024-01-22,0.5,Monday
O00203,SUSHI,15,10,8.13,6,25.739851718325898,0,17.0,medium,2024-01-23,0.5,Tuesday
O00204,BAKERY,19,8,4.5,6,35.575349244155795,1,,medium,2024-01-24,0.5,Wednesday
O00205,SEAFOOD,16,14,8.73,6,111.56089995734564,1,,medium,2024-01-25,0.5,Thursday
O00206,GRILL,19,22,8.67,0,31.71133789963844,1,,medium,2024-01-26,0.5,Friday
O00207,BURGER,19,9,5.37,1,35.18989783461494,0,21.0,medium,2024-01-27,0.5,Saturday
O00208,FINE_DINING,16,16,3.12,4,22.22075843410241,0,21.0,medium,2024-01-28,0.5,Sunday
O00209,DESSERT,10,24,5.07,2,32.02363493436016,1,,medium,2024-01-29,0.5,Monday
O00210,SEAFOOD,12,15,3.38,0,57.896444200935875,1,,medium,2024-01-30,0.5,Tuesday
O00211,SOUP,13,5,9.92,4,196.8955811045026,1,,slow,2024-01-31,0.5,Wednesday
O00212,CURRY,13,41,5.28,0,96.73999847809314,1,,medium,2024-02-01,0.5,Thursday
O00213,BBQ,20,13,8.15,5,69.14872097343641,1,,medium,2024-02-02,0.5,Friday
O00214,PIZZA,12,19,7.61,5,38.270596677748394,1,,medium,2024-02-03,0.5,Saturday
O00215,FAST_FOOD,14,12,14.29,6,23.95797585858916,1,,medium,2024-02-04,0.5,Sunday
O00216,CAFE,8,20,9.95,4,56.638218318506404,1,,medium,2024-02-05,0.5,Monday
O00217,CAFE,10,10,14.52,2,110.08284685203009,1,,medium,2024-02-06,0.5,Tuesday
O00218,TACO,19,10,9.58,6,151.483721271929,1,,slow,2024-02-07,0.5,Wednesday
O00219,CURRY,10,18,8.56,4,90.89326932821318,1,,medium,2024-02-08,0.5,Thursday
O00220,BREAKFAST,7,16,13.88,0,53.906151693600236,1,,medium,2024-02-09,0.5,Friday
O00221,GRILL,17,6,13.45,2,113.61208275100913,1,,medium,2024-02-10,0.5,Saturday
O00222,CAFE,10,13,8.87,5,36.330884329877826,1,,medium,2024-02-11,0.5,Sunday
O00223,VEGAN,12,45,15.81,6,64.2000715282004,1,,medium,2024-02-12,0.5,Monday
O00224,GRILL,16,47,13.09,5,78.55588382598894,1,,medium,2024-02-13,0.5,Tuesday
O00225,TACO,10,12,4.8,6,1.3329908048803545,0,16.0,fast,2024-02-14,0.5,Wednesday
O00226,BURGER,11,6,14.06,5,87.05892273680543,1,,medium,2024-02-15,0.5,Thursday
O00227,BREAKFAST,8,27,7.78,2,87.24378587909871,1,,medium,2024-02-16,0.5,Friday
O00228,FINE_DINING,15,12,6.29,2,38.57154614605227,1,,medium,2024-02-17,0.5,Saturday
O00229,VEGAN,14,14,13.93,3,86.00998141411671,1,,medium,2024-02-18,0.5,Sunday
O00230,BRUNCH,6,12,3.61,5,120.48805346433926,1,,slow,2024-02-19,0.5,Monday
O00231,PASTA,14,5,3.3,6,82.76009178770317,1,,medium,2024-02-20,0.5,Tuesday
O00232,CAFE,10,20,8.11,6,123.8111321067951,1,,slow,2024-02-21,0.5,Wednesday
O00233,CURRY,14,9,7.37,4,50.1331868823199,1,,medium,2024-02-22,0.5,Thursday
O00234,BREAKFAST,9,11,7.95,0,70.1659218082456,1,,medium,2024-02-23,0.5,Friday
O00235,BURGER,16,12,6.69,3,56.12802474239459,1,,medium,2024-02-24,0.5,Saturday
O00236,CAFE,8,8,4.45,3,16.49805582090173,0,10.0,medium,2024-02-25,0.5,Sunday
O00237,SANDWICH,11,11,15.67,2,41.968758253778965,1,,medium,2024-02-26,0.5,Monday
O00238,BURGER,14,6,14.6,3,110.31359405959634,1,,medium,2024-02-27,0.5,Tuesday
O00239,CURRY,11,13,11.87,6,25.57836491230564,0,15.0,medium,2024-02-28,0.5,Wednesday
O00240,FINE_DINING,12,18,9.47,0,83.49219157458708,1,,medium,2024-02-29,0.5,Thursday
O00241,VEGAN,19,10,2.93,2,34.38021881128739,0,19.0,medium,2024-03-01,0.5,Friday
O00242,SEAFOOD,11,5,4.45,6,10.23879591185719,0,17.0,fast,2024-03-02,0.5,Saturday
O00243,VEGAN,19,13,6.8,4,83.53374615449324,1,,medium,2024-03-03,0.5,Sunday
O00244,BBQ,19,17,10.66,5,174.65325315805572,1,,slow,2024-03-04,0.5,Monday
O00245,SEAFOOD,12,17,12.65,3,84.11350212195097,1,,medium,2024-03-05,0.5,Tuesday
O00246,BRUNCH,9,17,6.05,0,141.59149120706113,1,,slow,2024-03-06,0.5,Wednesday
O00247,SANDWICH,12,15,6.12,6,68.37568969420985,1,,medium,2024-03-07,0.5,Thursday
O00248,SUSHI,14,6,6.56,3,30.406212485132258,0,15.0,medium,2024-03-08,0.5,Friday
O00249,VEGAN,10,12,10.51,6,44.73789627287832,1,,medium,2024-03-09,0.5,Saturday
O00250,SALAD,11,9,4.17,5,83.73335396320529,1,,medium,2024-03-10,0.5,Sunday
O00251,CAFE,8,6,12.73,5,134.94867141498887,1,,slow,2024-03-11,0.5,Monday
O00252,PASTA,17,6,13.24,3,240.28666938671472,1,,slow,2024-03-12,0.5,Tuesday
O00253,CAFE,7,26,9.15,3,29.53435150396827,1,,medium,2024-03-13,0.5,Wednesday
O00254,PASTA,13,20,5.3,2,112.236759643641,1,,medium,2024-03-14,0.5,Thursday
O00255,TACO,19,9,6.22,0,14.356244070923193,0,21.0,fast,2024-03-15,0.5,Friday
O00256,FAST_FOOD,14,11,7.82,1,57.18970428962018,1,,medium,2024-03-16,0.5,Saturday
O00257,DESSERT,12,21,11.83,0,87.97121360539049,1,,medium,2024-03-17,0.5,Sunday
O00258,TACO,10,15,11.77,5,129.2105226684139,1,,slow,2024-03-18,0.5,Monday
O00259,BURGER,17,19,7.04,0,48.69153745266548,1,,medium,2024-03-19,0.5,Tuesday
O00260,DESSERT,12,25,10.05,0,134.75291449298572,1,,slow,2024-03-20,0.5,Wednesday
O00261,FINE_DINING,18,15,5.46,6,102.9532990207508,1,,medium,2024-03-21,0.5,Thursday
O00262,PASTA,12,14,8.32,3,104.46523829504369,1,,medium,2024-03-22,0.5,Friday
O00263,DESSERT,10,4,3.9,6,206.3807786205079,1,,slow,2024-03-23,0.5,Saturday
O00264,TACO,18,11,7.24,2,27.56063154242966,0,20.0,medium,2024-03-24,0.5,Sunday
O00265,FINE_DINING,14,7,10.06,1,125.22755080638562,1,,slow,2024-03-25,0.5,Monday
O00266,SUSHI,19,22,4.71,4,25.643090567715134,1,,medium,2024-03-26,0.5,Tuesday
O00267,TACO,10,8,3.86,4,51.44597587271464,1,,medium,2024-03-27,0.5,Wednesday
O00268,GRILL,16,24,14.83,3,65.51140309754933,1,,medium,2024-03-28,0.5,Thursday
O00269,BRUNCH,7,20,10.3,0,66.89186168893212,1,,medium,2024-03-29,0.5,Friday
O00270,SUSHI,13,20,10.46,3,44.43989427795948,1,,medium,2024-03-30,0.5,Saturday
O00271,VEGAN,12,17,11.86,3,125.2332495285626,1,,slow,2024-01-01,0.5,Monday
O00272,SEAFOOD,12,12,10.69,3,99.51994221286978,1,,medium,2024-01-02,0.5,Tuesday
O00273,PIZZA,14,5,8.22,6,174.58688426083057,1,,slow,2024-01-03,0.5,Wednesday
O00274,GRILL,17,19,7.09,5,61.73903744369197,1,,medium,2024-01-04,0.5,Thursday
O00275,DESSERT,10,14,3.51,6,112.76709350341612,1,,medium,2024-01-05,0.5,Friday
O00276,SUSHI,15,23,6.28,1,117.59023182641639,1,,medium,2024-01-06,0.5,Saturday
O00277,BREAKFAST,8,22,2.99,2,96.10724165394186,1,,medium,2024-01-07,0.5,Sunday
O00278,BBQ,18,24,9.06,6,9.888458283905507,0,22.0,fast,2024-01-08,0.5,Monday
O00279,VEGAN,14,19,4.12,0,71.73857147256646,1,,medium,2024-01-09,0.5,Tuesday
O00280,VEGAN,19,6,9.35,0,128.803096544026,1,,slow,2024-01-10,0.5,Wednesday
O00281,SOUP,11,14,5.26,2,68.42484993823689,1,,medium,2024-01-11,0.5,Thursday
O00282,BBQ,16,14,27.14,1,5.853086617681732,0,16.0,fast,2024-01-12,0.5,Friday
O00283,FAST_FOOD,11,27,21.69,1,79.70113643034739,1,,medium,2024-01-13,0.5,Saturday
O00284,GRILL,19,11,6.2,3,31.51651563560187,1,,medium,2024-01-14,0.5,Sunday
O00285,BURGER,14,14,8.29,3,136.37778896257433,1,,slow,2024-01-15,0.5,Monday
O00286,BREAKFAST,9,9,10.76,1,37.986545377776736,1,,medium,2024-01-16,0.5,Tuesday
O00287,FAST_FOOD,13,8,13.63,5,58.466843524370454,1,,medium,2024-01-17,0.5,Wednesday
O00288,CURRY,12,17,12.07,3,113.50008766397633,1,,medium,2024-01-18,0.5,Thursday
O00289,SEAFOOD,18,17,7.05,4,115.62402860703257,1,,medium,2024-01-19,0.5,Friday
O00290,SUSHI,11,14,12.05,0,110.17985330772584,1,,medium,2024-01-20,0.5,Saturday
O00291,VEGAN,14,14,15.13,4,79.01202474838722,1,,medium,2024-01-21,0.5,Sunday
O00292,SOUP,19,17,8.59,3,150.21255747260864,1,,slow,2024-01-22,0.5,Monday
O00293,FINE_DINING,13,7,4.58,1,67.18618105629744,1,,medium,2024-01-23,0.5,Tuesday
O00294,BRUNCH,9,16,11.63,4,96.50798257787919,0,,medium,2024-01-24,0.5,Wednesday
O00295,BBQ,16,11,14.79,3,70.84482981776152,1,,medium,2024-01-25,0.5,Thursday
O00296,BURGER,10,15,5.75,5,83.02761774939685,1,,medium,2024-01-26,0.5,Friday
O00297,SUSHI,11,20,15.55,2,102.26759529539572,1,,medium,2024-01-27,0.5,Saturday
O00298,SANDWICH,10,9,13.3,1,34.5221435910547,1,,medium,2024-01-28,0.5,Sunday
O00299,SUSHI,10,6,5.0,4,70.65198606372716,0,16.0,medium,2024-01-29,0.5,Monday
O00300,BAKERY,17,12,3.64,2,33.96528585477809,0,20.0,medium,2024-01-30,0.5,Tuesday
O00301,PASTA,12,11,7.25,2,56.396962608965595,1,,medium,2024-01-31,0.5,Wednesday
O00302,SUSHI,12,21,11.11,2,146.84040882822282,0,,slow,2024-02-01,0.5,Thursday
O00303,PIZZA,10,16,10.88,4,89.45803429460524,1,,medium,2024-02-02,0.5,Friday
O00304,DESSERT,10,6,7.49,3,213.54686004256644,1,,slow,2024-02-03,0.5,Saturday
O00305,SALAD,13,13,15.21,2,166.31655643427555,1,,slow,2024-02-04,0.5,Sunday
O00306,GRILL,19,7,13.29,3,92.67149985488912,1,,medium,2024-02-05,0.5,Monday
O00307,BRUNCH,7,15,12.61,4,87.02860668363512,1,,medium,2024-02-06,0.5,Tuesday
O00308,SALAD,12,7,9.31,5,1.0,0,18.0,fast,2024-02-07,0.5,Wednesday
O00309,SANDWICH,12,21,9.96,1,101.97966743125416,1,,medium,2024-02-08,0.5,Thursday
O00310,CURRY,16,6,13.14,3,88.93688445574792,1,,medium,2024-02-09,0.5,Friday
O00311,DESSERT,16,15,5.73,0,68.39844060715619,1,,medium,2024-02-10,0.5,Saturday
O00312,BURGER,12,7,6.97,1,116.36333544739149,1,,medium,2024-02-11,0.5,Sunday
O00313,GRILL,17,5,8.47,0,68.65680835344176,1,,medium,2024-02-12,0.5,Monday
O00314,BREAKFAST,7,15,6.22,0,61.498835442028906,1,,medium,2024-02-13,0.5,Tuesday
O00315,PIZZA,19,5,12.92,3,82.09102654048061,1,,medium,2024-02-14,0.5,Wednesday
O00316,DESSERT,15,13,5.98,1,114.59882712486042,1,,medium,2024-02-15,0.5,Thursday
O00317,BURGER,18,18,6.78,3,89.29355179813321,0,,medium,2024-02-16,0.5,Friday
O00318,SALAD,12,36,28.46,0,23.897558187729352,1,,medium,2024-02-17,0.5,Saturday
O00319,SEAFOOD,18,21,6.09,0,18.668029701395056,1,,medium,2024-02-18,0.5,Sunday
O00320,BAKERY,11,12,13.15,3,88.7318784779059,1,,medium,2024-02-19,0.5,Monday
O00321,SUSHI,14,21,7.7,0,102.74632027262413,1,,medium,2024-02-20,0.5,Tuesday
O00322,CAFE,10,5,10.52,1,25.73136998711211,1,,medium,2024-02-21,0.5,Wednesday
O00323,PASTA,12,10,10.11,0,51.71568071349771,1,,medium,2024-02-22,0.5,Thursday
O00324,SANDWICH,10,25,6.83,5,97.0776554230071,1,,medium,2024-02-23,0.5,Friday
O00325,CAFE,6,6,5.86,3,84.9313389740318,1,,medium,2024-02-24,0.5,Saturday
O00326,FAST_FOOD,10,15,5.59,5,10.755850567870866,0,10.0,fast,2024-02-25,0.5,Sunday
O00327,BURGER,14,10,8.47,2,35.290878059091256,0,19.0,medium,2024-02-26,0.5,Monday
O00328,PIZZA,13,6,11.68,5,15.543877430502953,1,,medium,2024-02-27,0.5,Tuesday
O00329,SALAD,11,24,13.45,2,111.05374747680732,1,,medium,2024-02-28,0.5,Wednesday
O00330,SALAD,11,13,12.51,2,88.69695407982584,1,,medium,2024-02-29,0.5,Thursday
O00331,BAKERY,11,6,6.68,5,79.45995559381119,1,,medium,2024-03-01,0.5,Friday
O00332,CURRY,12,11,7.47,4,144.4827446627219,1,,slow,2024-03-02,0.5,Saturday
O00333,TACO,13,13,13.49,0,104.01262777596025,1,,medium,2024-03-03,0.5,Sunday
O00334,GRILL,17,12,8.28,5,49.96507126640938,1,,medium,2024-03-04,0.5,Monday
O00335,FINE_DINING,17,7,8.67,2,142.16104760382183,1,,slow,2024-03-05,0.5,Tuesday
O00336,SANDWICH,11,10,9.68,1,65.19573559297967,1,,medium,2024-03-06,0.5,Wednesday
O00337,SANDWICH,13,6,14.74,6,92.65059226284818,1,,medium,2024-03-07,0.5,Thursday
O00338,VEGAN,13,14,15.84,6,117.5830916875286,1,,medium,2024-03-08,0.5,Friday
O00339,SOUP,17,16,8.13,4,46.29834650764318,1,,medium,2024-03-09,0.5,Saturday
O00340,FINE_DINING,10,6,8.58,5,126.0546495916948,1,,slow,2024-03-10,0.5,Sunday
O00341,CURRY,19,4,9.02,2,63.48452777372988,1,,medium,2024-03-11,0.5,Monday
O00342,PIZZA,15,15,15.38,2,142.5022011868727,1,,slow,2024-03-12,0.5,Tuesday
O00343,SOUP,17,22,10.49,1,42.471516749023706,1,,medium,2024-03-13,0.5,Wednesday
O00344,SUSHI,15,19,5.94,6,56.48984291838091,1,,medium,2024-03-14,0.5,Thursday
O00345,GRILL,19,20,5.49,0,141.09529433971352,1,,slow,2024-03-15,0.5,Friday
O00346,BRUNCH,9,8,14.22,0,76.40776093425708,1,,medium,2024-03-16,0.5,Saturday
O00347,PIZZA,15,14,13.44,6,76.98772662179212,1,,medium,2024-03-17,0.5,Sunday
O00348,TACO,17,21,9.33,4,63.471537481513316,0,22.0,medium,2024-03-18,0.5,Monday
O00349,TACO,14,14,14.35,1,33.93679423262364,1,,medium,2024-03-19,0.5,Tuesday
O00350,DESSERT,17,16,8.88,5,46.95594050304216,1,,medium,2024-03-20,0.5,Wednesday
O00351,CAFE,10,23,23.45,0,90.83520226046271,1,,medium,2024-03-21,0.5,Thursday
O00352,BREAKFAST,6,6,3.71,6,33.88019241507496,1,,medium,2024-03-22,0.5,Friday
O00353,GRILL,16,33,7.84,3,87.46539170342551,1,,medium,2024-03-23,0.5,Saturday
O00354,SUSHI,16,14,12.58,3,45.40134229098153,1,,medium,2024-03-24,0.5,Sunday
O00355,BAKERY,17,9,13.97,0,95.01110061825744,1,,medium,2024-03-25,0.5,Monday
O00356,GRILL,20,24,4.9,4,90.54182241576035,1,,medium,2024-03-26,0.5,Tuesday
O00357,SUSHI,10,21,3.49,6,139.74645295159826,1,,slow,2024-03-27,0.5,Wednesday
O00358,FAST_FOOD,14,20,4.36,6,130.96405591059823,1,,slow,2024-03-28,0.5,Thursday
O00359,VEGAN,11,13,5.15,1,169.73995262339156,1,,slow,2024-03-29,0.5,Friday
O00360,VEGAN,11,21,10.29,3,59.89757281578929,1,,medium,2024-03-30,0.5,Saturday
O00361,VEGAN,17,52,12.19,5,71.98873999851541,1,,medium,2024-01-01,0.5,Monday
O00362,SOUP,17,19,4.34,2,20.79806315054325,0,21.0,medium,2024-01-02,0.5,Tuesday
O00363,FINE_DINING,15,8,5.04,2,109.94343846871512,1,,medium,2024-01-03,0.5023781452622391,Wednesday
O00364,CURRY,18,11,7.05,5,24.710073922368004,1,,medium,2024-01-04,0.5,Thursday
O00365,PASTA,15,20,13.18,1,71.71199863616046,1,,medium,2024-01-05,0.5,Friday
O00366,BURGER,14,15,6.46,5,38.48564929225775,1,,medium,2024-01-06,0.5,Saturday
O00367,BBQ,19,5,9.54,0,45.70880513149619,0,,medium,2024-01-07,0.5,Sunday
O00368,BURGER,18,17,12.37,2,27.967316714460885,1,,medium,2024-01-08,0.5,Monday
O00369,TACO,14,5,26.61,6,55.039843014537105,1,,medium,2024-01-09,0.5,Tuesday
O00370,SOUP,13,16,8.82,0,47.79493687128551,1,,medium,2024-01-10,0.5,Wednesday
O00371,BREAKFAST,8,26,13.69,3,110.51095148775131,1,,medium,2024-01-11,0.5,Thursday
O00372,BRUNCH,8,12,3.97,6,17.606747391412906,0,12.0,medium,2024-01-12,0.5,Friday
O00373,SUSHI,17,19,6.25,2,65.56589092850984,0,22.0,medium,2024-01-13,0.5,Saturday
O00374,BRUNCH,6,13,13.87,2,81.12416499351222,1,,medium,2024-01-14,0.5,Sunday
O00375,VEGAN,13,5,5.27,3,48.18479507847015,0,20.0,medium,2024-01-15,0.5,Monday
O00376,FAST_FOOD,13,27,11.38,5,65.66669985985422,1,,medium,2024-01-16,0.5,Tuesday
O00377,BURGER,11,23,8.42,1,32.746229942812604,1,,medium,2024-01-17,0.5,Wednesday
O00378,VEGAN,18,8,4.43,2,98.64934868476347,1,,medium,2024-01-18,0.5,Thursday
O00379,SOUP,16,17,5.15,3,109.9968049469629,1,,medium,2024-01-19,0.5,Friday
O00380,SALAD,10,10,6.69,1,85.24663472981413,0,,medium,2024-01-20,0.5,Saturday
O00381,SUSHI,14,4,6.04,0,38.26142941141977,1,,medium,2024-01-21,0.5,Sunday
O00382,FAST_FOOD,13,18,14.09,0,186.3924375363994,1,,slow,2024-01-22,0.5,Monday
O00383,SUSHI,19,10,12.24,2,92.63416654805808,1,,medium,2024-01-23,0.5,Tuesday
O00384,BBQ,19,24,15.75,0,105.9007375937036,1,,medium,2024-01-24,0.5,Wednesday
O00385,BRUNCH,9,9,11.49,5,84.65136015655068,1,,medium,2024-01-25,0.5,Thursday
O00386,SEAFOOD,18,11,4.3,3,100.99442055124257,1,,medium,2024-01-26,0.5,Friday
O00387,BBQ,16,6,7.06,6,76.81707369238298,0,,medium,2024-01-27,0.5,Saturday
O00388,BRUNCH,7,11,9.94,2,53.991397763483334,1,,medium,2024-01-28,0.5,Sunday
O00389,SALAD,11,15,5.04,0,13.542468926209976,0,18.0,fast,2024-01-29,0.5,Monday
O00390,SUSHI,15,4,9.65,1,46.27088668323678,0,17.0,medium,2024-01-30,0.5,Tuesday
O00391,SOUP,11,11,6.53,6,86.18197813303414,1,,medium,2024-01-31,0.5,Wednesday
O00392,BAKERY,14,12,4.38,0,161.39176315840953,1,,slow,2024-02-01,0.5,Thursday
O00393,SALAD,10,48,8.33,2,53.94126961475318,1,,medium,2024-02-02,0.5,Friday
O00394,TACO,12,12,8.71,1,99.79052530990164,1,,medium,2024-02-03,0.5,Saturday
O00395,BURGER,19,18,3.22,2,99.35444078380695,1,,medium,2024-02-04,0.5,Sunday
O00396,BBQ,18,21,7.65,2,183.07034765753372,1,,slow,2024-02-05,0.5,Monday
O00397,SALAD,10,19,4.8,2,51.81665416667266,0,,medium,2024-02-06,0.5,Tuesday
O00398,SUSHI,17,4,12.84,5,73.09734039379487,1,,medium,2024-02-07,0.5,Wednesday
O00399,PASTA,18,9,11.66,0,84.75324481951735,0,,medium,2024-02-08,0.5,Thursday
O00400,TACO,15,18,9.39,1,166.30869657051315,1,,slow,2024-02-09,0.5,Friday
O00401,DESSERT,18,18,10.84,0,71.87806987008446,1,,medium,2024-02-10,0.5,Saturday
O00402,SUSHI,15,14,13.46,6,29.66562938250452,1,,medium,2024-02-11,0.5,Sunday
O00403,CAFE,7,18,9.13,3,99.07199999686048,1,,medium,2024-02-12,0.5,Monday
O00404,SUSHI,12,15,9.07,5,87.64305662438804,1,,medium,2024-02-13,0.5,Tuesday
O00405,CAFE,9,14,7.89,3,14.424975130543427,0,10.0,fast,2024-02-14,0.5,Wednesday
O00406,BREAKFAST,8,21,10.3,5,64.47942653175433,1,,medium,2024-02-15,0.5,Thursday
O00407,DESSERT,16,17,4.65,1,41.17398049677694,0,20.0,medium,2024-02-16,0.5,Friday
O00408,FINE_DINING,10,7,12.69,5,54.03518358064247,1,,medium,2024-02-17,0.5,Saturday
O00409,SANDWICH,10,10,6.44,5,6.8876777809205265,0,12.0,fast,2024-02-18,0.5,Sunday
O00410,FAST_FOOD,14,7,8.94,4,57.35246699870627,1,,medium,2024-02-19,0.5,Monday
O00411,FAST_FOOD,14,16,8.19,5,52.104806227151826,1,,medium,2024-02-20,0.5,Tuesday
O00412,SOUP,15,24,13.36,4,104.8929530344648,1,,medium,2024-02-21,0.5,Wednesday
O00413,SUSHI,10,5,8.72,0,83.3407813604999,1,,medium,2024-02-22,0.5,Thursday
O00414,SALAD,12,7,16.43,2,102.25998882859254,0,,medium,2024-02-23,0.5,Friday
O00415,DESSERT,10,13,8.95,5,71.83261264924579,1,,medium,2024-02-24,0.5,Saturday
O00416,SEAFOOD,13,9,9.05,4,128.31703800564244,1,,slow,2024-02-25,0.5,Sunday
O00417,SUSHI,18,9,9.8,2,60.02267279590542,1,,medium,2024-02-26,0.5,Monday
O00418,GRILL,20,11,7.58,2,132.89445300878415,1,,slow,2024-02-27,0.5,Tuesday
O00419,FAST_FOOD,13,21,8.97,0,49.18177919797432,0,,medium,2024-02-28,0.5,Wednesday
O00420,PIZZA,11,17,11.73,0,43.33423498523355,1,,medium,2024-02-29,0.5,Thursday
O00421,FINE_DINING,17,20,14.65,3,67.83761090468974,1,,medium,2024-03-01,0.5,Friday
O00422,CAFE,9,15,10.41,1,62.59887179581929,1,,medium,2024-03-02,0.5,Saturday
O00423,SEAFOOD,11,5,2.92,3,42.95233285940836,1,,medium,2024-03-03,0.5,Sunday
O00424,FINE_DINING,15,13,12.26,4,86.7414762255634,1,,medium,2024-03-04,0.5,Monday
O00425,PASTA,10,12,9.66,1,50.136778723635295,1,,medium,2024-03-05,0.5,Tuesday
O00426,SOUP,17,19,12.24,6,147.3963777839003,1,,slow,2024-03-06,0.5,Wednesday
O00427,SEAFOOD,18,9,19.01,1,69.84897916964685,1,,medium,2024-03-07,0.5,Thursday
O00428,BRUNCH,8,11,6.9,6,47.45564187412163,1,,medium,2024-03-08,0.5,Friday
O00429,BRUNCH,6,5,5.22,3,63.05114549157885,1,,medium,2024-03-09,0.5,Saturday
O00430,CURRY,16,14,4.63,0,66.42752423226422,1,,medium,2024-03-10,0.5,Sunday
O00431,FAST_FOOD,13,6,6.22,5,73.84445151368632,1,,medium,2024-03-11,0.5,Monday
O00432,SANDWICH,14,25,8.04,4,64.9432877687108,1,,medium,2024-03-12,0.5,Tuesday
O00433,CAFE,10,21,10.84,6,18.19675855523622,1,,medium,2024-03-13,0.5,Wednesday
O00434,BRUNCH,9,15,7.17,0,92.72114366553707,1,,medium,2024-03-14,0.5,Thursday
O00435,FINE_DINING,18,5,8.71,1,287.5045030779236,1,,slow,2024-03-15,0.5,Friday
O00436,CURRY,12,19,7.01,2,138.61520590778775,1,,slow,2024-03-16,0.5,Saturday
O00437,CURRY,15,6,10.77,0,44.32886847410826,1,,medium,2024-03-17,0.5,Sunday
O00438,TACO,17,14,13.91,5,116.06607393442732,0,,medium,2024-03-18,0.5,Monday
O00439,BRUNCH,9,9,15.09,5,31.521570042626703,1,,medium,2024-03-19,0.5,Tuesday
O00440,TACO,10,7,4.64,5,110.54320008956442,1,,medium,2024-03-20,0.5,Wednesday
O00441,SOUP,15,17,10.19,6,127.63662345254698,1,,slow,2024-03-21,0.5,Thursday
O00442,SEAFOOD,10,23,4.08,1,35.13824089415388,1,,medium,2024-03-22,0.5,Friday
O00443,FINE_DINING,12,9,10.99,2,60.90543184183119,1,,medium,2024-03-23,0.5,Saturday
O00444,SALAD,12,18,6.49,1,92.69304552805647,1,,medium,2024-03-24,0.5,Sunday
O00445,BURGER,19,67,13.21,2,141.38980302505993,1,,slow,2024-03-25,0.5,Monday
O00446,BAKERY,14,14,3.82,2,54.43968049698132,0,19.0,medium,2024-03-26,0.5,Tuesday
O00447,TACO,12,16,7.33,6,54.554894201245446,1,,medium,2024-03-27,0.5,Wednesday
O00448,SALAD,12,6,3.94,1,50.34775353371524,0,19.0,medium,2024-03-28,0.5,Thursday
O00449,DESSERT,16,14,13.5,2,69.35873158990552,1,,medium,2024-03-29,0.5,Friday
O00450,PIZZA,18,10,13.06,0,211.5736214540385,1,,slow,2024-03-30,0.5,Saturday
O00451,BAKERY,19,11,3.03,6,78.13701833378437,1,,medium,2024-01-01,0.5,Monday
O00452,SANDWICH,10,21,8.06,3,69.64110397773602,1,,medium,2024-01-02,0.5,Tuesday
O00453,DESSERT,16,7,14.85,3,138.3022451967186,1,,slow,2024-01-03,0.5,Wednesday
O00454,TACO,17,14,35.1,2,76.27009435448815,1,,medium,2024-01-04,0.5,Thursday
O00455,TACO,16,6,6.66,5,120.46366857523475,1,,slow,2024-01-05,0.5,Friday
O00456,SOUP,19,8,4.35,1,11.717298027937652,0,21.0,fast,2024-01-06,0.5,Saturday
O00457,GRILL,17,23,7.4,0,144.53381698027252,1,,slow,2024-01-07,0.5,Sunday
O00458,SEAFOOD,14,25,9.68,5,109.24125843794687,1,,medium,2024-01-08,0.5,Monday
O00459,PASTA,10,10,10.68,4,89.6608899343843,1,,medium,2024-01-09,0.5,Tuesday
O00460,SOUP,12,20,3.66,4,123.5321120241482,1,,slow,2024-01-10,0.5,Wednesday
O00461,SEAFOOD,12,12,30.68,0,99.1617459567688,1,,medium,2024-01-11,0.5,Thursday
O00462,SEAFOOD,18,5,11.16,2,96.8672027086275,1,,medium,2024-01-12,0.5,Friday
O00463,TACO,17,18,3.93,4,40.019567573335614,1,,medium,2024-01-13,0.5,Saturday
O00464,VEGAN,11,5,26.31,6,84.62358116030337,1,,medium,2024-01-14,0.5,Sunday
O00465,FAST_FOOD,12,25,6.85,5,90.06912724153258,1,,medium,2024-01-15,0.5,Monday
O00466,DESSERT,17,57,8.68,2,114.59056723174454,1,,medium,2024-01-16,0.5,Tuesday
O00467,PIZZA,11,13,12.09,1,102.10560192632396,1,,medium,2024-01-17,0.5,Wednesday
O00468,BAKERY,10,18,11.3,5,91.70676260085307,1,,medium,2024-01-18,0.5,Thursday
O00469,FINE_DINING,17,12,3.94,5,92.30435384932753,1,,medium,2024-01-19,0.5,Friday
O00470,PIZZA,16,21,5.27,0,50.930422736074235,1,,medium,2024-01-20,0.5,Saturday
O00471,CAFE,9,17,4.72,2,65.13795801757843,1,,medium,2024-01-21,0.5,Sunday
O00472,PIZZA,11,22,6.16,1,28.011070285433807,1,,medium,2024-01-22,0.5,Monday
O00473,SOUP,13,21,11.92,4,40.36060504737584,0,18.0,medium,2024-01-23,0.5,Tuesday
O00474,CAFE,10,26,9.23,0,48.26444954260588,1,,medium,2024-01-24,0.5,Wednesday
O00475,SUSHI,11,8,12.65,4,101.85463930186833,1,,medium,2024-01-25,0.5,Thursday
O00476,VEGAN,13,20,11.49,3,63.70870060332574,1,,medium,2024-01-26,0.5,Friday
O00477,FINE_DINING,14,10,7.53,5,160.3685966525779,1,,slow,2024-01-27,0.5,Saturday
O00478,VEGAN,15,21,11.16,1,30.319839502077283,0,,medium,2024-01-28,0.5,Sunday
O00479,PIZZA,19,12,6.8,1,236.9935775580162,1,,slow,2024-01-29,0.5,Monday
O00480,SEAFOOD,16,18,10.18,1,30.70576442581687,0,20.0,medium,2024-01-30,0.5,Tuesday
O00481,SANDWICH,13,5,4.97,3,1.0,0,14.0,fast,2024-01-31,0.5,Wednesday
O00482,BURGER,12,10,5.16,4,29.143193174481876,0,12.0,medium,2024-02-01,0.5,Thursday
O00483,SEAFOOD,15,17,3.35,2,80.36187901758812,0,21.0,medium,2024-02-02,0.5,Friday
O00484,BRUNCH,7,18,11.61,5,88.4068245691631,1,,medium,2024-02-03,0.5,Saturday
O00485,BREAKFAST,10,16,14.09,4,60.51537806007114,1,,medium,2024-02-04,0.5,Sunday
O00486,VEGAN,12,4,14.22,5,59.419265426264644,1,,medium,2024-02-05,0.5,Monday
O00487,SEAFOOD,16,14,4.35,5,188.00216260827176,1,,slow,2024-02-06,0.5,Tuesday
O00488,PASTA,18,4,8.44,3,87.7435431036954,1,,medium,2024-02-07,0.5,Wednesday
O00489,SALAD,11,10,11.99,2,26.453114846416703,0,16.0,medium,2024-02-08,0.5,Thursday
O00490,PASTA,13,23,10.63,2,156.18559162072438,1,,slow,2024-02-09,0.5,Friday
O00491,SALAD,12,17,10.98,6,160.63172980355722,1,,slow,2024-02-10,0.5,Saturday
O00492,SUSHI,11,16,5.22,0,208.72854517692218,0,,slow,2024-02-11,0.5,Sunday
O00493,BREAKFAST,9,16,4.04,1,79.29800409807406,1,,medium,2024-02-12,0.5,Monday
O00494,SUSHI,18,18,4.36,0,83.22765596460903,1,,medium,2024-02-13,0.5,Tuesday
O00495,SALAD,11,22,31.87,1,80.33450720146163,1,,medium,2024-02-14,0.5,Wednesday
O00496,PASTA,14,6,12.22,5,99.37663572540534,1,,medium,2024-02-15,0.5,Thursday
O00497,DESSERT,11,20,6.69,1,110.71656121865396,1,,medium,2024-02-16,0.5,Friday
O00498,BBQ,20,7,9.86,0,34.755934462727886,0,22.0,medium,2024-02-17,0.5,Saturday
O00499,FAST_FOOD,10,7,7.35,5,101.22788397509639,1,,medium,2024-02-18,0.5,Sunday
O00500,PIZZA,13,7,9.5,3,166.3101333920399,1,,slow,2024-02-19,0.5,Monday
T00001,SEAFOOD,11,15,14.87,3,63.46367094316146,1,,medium,2024-04-01,0.9071163170091562,Monday
T00002,SANDWICH,13,9,7.46,6,66.0274828564279,1,,medium,2024-04-02,1.2488882403604205,Tuesday
T00003,PIZZA,10,13,14.02,2,153.34075084387806,1,,slow,2024-04-03,0.9295673185476052,Wednesday
T00004,BAKERY,10,8,3.96,1,49.68811747091172,0,16.0,medium,2024-04-04,1.150177781617558,Thursday
T00005,SANDWICH,13,11,11.7,4,127.61775042070147,1,,slow,2024-04-05,1.2942662499017397,Friday
T00006,BREAKFAST,9,7,3.73,2,17.39683995527494,0,12.0,medium,2024-04-06,0.9352478646344594,Saturday
T00007,CAFE,7,9,9.96,1,6.943715801725984,0,7.0,fast,2024-04-07,0.8652132560147466,Sunday
T00008,BBQ,20,14,9.95,6,95.0750059879308,1,,medium,2024-04-08,1.4072602234875249,Monday
T00009,VEGAN,18,13,14.89,5,154.8914429634283,1,,slow,2024-04-09,0.9839355201488268,Tuesday
T00010,TACO,15,21,12.8,2,85.30089098375302,1,,medium,2024-04-10,0.9558051157617915,Wednesday
T00011,CURRY,10,7,6.16,3,75.52445905632648,1,,medium,2024-04-11,0.9954421315507603,Thursday
T00012,DESSERT,19,11,15.21,4,16.656671529211412,0,21.0,medium,2024-04-12,0.9430361487956511,Friday
T00013,SANDWICH,11,13,7.08,3,57.99695208334533,1,,medium,2024-04-13,1.0920713948497203,Saturday
T00014,FINE_DINING,10,18,11.58,1,140.16103172729464,1,,slow,2024-04-14,1.0598582986631744,Sunday
T00015,BBQ,20,19,13.75,5,31.4237765805808,0,22.0,medium,2024-04-15,1.1996307042900807,Monday
T00016,SEAFOOD,18,7,14.79,3,69.99778643546567,1,,medium,2024-04-16,0.8596018801871737,Tuesday
T00017,DESSERT,15,18,12.03,3,108.99679268605213,1,,medium,2024-04-17,0.8847925771577347,Wednesday
T00018,CURRY,14,11,6.59,4,115.27026663224154,1,,medium,2024-04-18,1.1001463817500199,Thursday
T00019,SANDWICH,14,5,4.24,3,76.32023577356385,1,,medium,2024-04-19,0.7789357557429141,Friday
T00020,PASTA,13,22,11.6,6,65.80806692137452,1,,medium,2024-04-20,1.0911814256313745,Saturday
T00021,FAST_FOOD,14,14,11.86,4,109.2949301983165,1,,medium,2024-04-21,0.7902018534357146,Sunday
T00022,SALAD,12,21,11.78,2,70.57617213297894,1,,medium,2024-04-22,0.9475112583814596,Monday
T00023,PASTA,16,27,9.43,0,47.938594495863356,1,,medium,2024-04-23,1.0266393296878398,Tuesday
T00024,SEAFOOD,10,9,14.76,0,140.19307337324474,1,,slow,2024-04-24,1.1091542146109883,Wednesday
T00025,BREAKFAST,6,17,13.04,0,99.61759939474177,1,,medium,2024-04-25,1.0291746608573569,Thursday
T00026,BRUNCH,7,22,10.34,4,97.78506142677449,1,,medium,2024-04-26,0.8149998999407897,Friday
T00027,BRUNCH,9,23,10.98,1,149.75304787120177,1,,slow,2024-04-27,0.8404552919613202,Saturday
T00028,SUSHI,10,7,13.12,1,55.00841300999518,1,,medium,2024-04-28,0.822380885118385,Sunday
T00029,VEGAN,16,11,8.04,6,143.87643754871686,1,,slow,2024-04-29,0.9300655344932531,Monday
T00030,CAFE,10,21,4.46,5,72.83778055541762,1,,medium,2024-04-30,1.1862353199967022,Tuesday
T00031,SANDWICH,12,14,8.63,2,78.06368330356071,1,,medium,2024-05-01,1.0808386954700517,Wednesday
T00032,BURGER,16,12,11.7,6,9.692362441500482,0,18.0,fast,2024-05-02,1.1270034788927208,Thursday
T00033,BAKERY,16,8,14.47,4,31.990892276285663,1,,medium,2024-05-03,1.0321036970819988,Friday
T00034,VEGAN,19,21,15.64,3,128.66813557997227,1,,slow,2024-05-04,1.2937790606849855,Saturday
T00035,BURGER,16,17,11.11,3,188.73586187618432,1,,slow,2024-05-05,0.8047593718001778,Sunday
T00036,BAKERY,15,5,6.96,5,15.947593754170036,0,22.0,medium,2024-05-06,0.845519425644471,Monday
T00037,BRUNCH,10,9,7.61,1,46.89581276843166,1,,medium,2024-05-07,0.8503668021445,Tuesday
T00038,SEAFOOD,12,15,6.63,0,39.29080066761902,1,,medium,2024-05-08,0.9821994186321714,Wednesday
T00039,SEAFOOD,19,16,12.62,3,104.79061053281471,1,,medium,2024-05-09,1.0329146622657417,Thursday
T00040,SALAD,13,16,9.69,0,91.94405472125965,1,,medium,2024-05-10,0.7044506541472803,Friday
T00041,SUSHI,10,8,9.94,5,94.65361905542335,1,,medium,2024-05-11,1.0654337242578642,Saturday
T00042,SEAFOOD,13,16,12.51,4,70.62342438117386,1,,medium,2024-05-12,0.9627452733180953,Sunday
T00043,TACO,11,11,11.27,0,107.15116617923638,1,,medium,2024-05-13,1.0227538869367072,Monday
T00044,SANDWICH,10,6,8.52,6,1.2030136111801353,0,15.0,fast,2024-05-14,1.2183482689633869,Tuesday
T00045,BBQ,19,20,5.41,3,36.948006903966565,0,22.0,medium,2024-05-15,1.1514343552761361,Wednesday
T00046,PASTA,10,17,11.55,6,90.00830756860768,1,,medium,2024-05-16,1.271275284565443,Thursday
T00047,BURGER,16,15,3.56,2,42.338630285205376,0,22.0,medium,2024-05-17,1.1660791976426812,Friday
T00048,FINE_DINING,16,23,8.31,0,33.68655598566938,1,,medium,2024-05-18,0.7341047928621982,Saturday
T00049,GRILL,18,22,13.92,6,204.13435684891576,1,,slow,2024-05-19,0.9268598327464908,Sunday
T00050,FAST_FOOD,10,8,5.82,0,8.864561106181831,0,12.0,fast,2024-05-20,1.1304459209944477,Monday
T00051,PASTA,16,6,13.02,4,11.907425733192479,0,17.0,fast,2024-05-21,1.1188902820786188,Tuesday
T00052,SEAFOOD,11,18,9.64,1,193.04985583386417,1,,slow,2024-05-22,0.7923605573666991,Wednesday
T00053,SALAD,13,8,14.1,1,119.4798753753505,1,,medium,2024-05-23,0.7575637240199173,Thursday
T00054,SOUP,17,19,10.31,6,41.96991146441952,0,22.0,medium,2024-05-24,0.9569228963750651,Friday
T00055,SALAD,11,16,13.32,0,153.15027043397276,1,,slow,2024-05-25,0.9179517499221588,Saturday
T00056,SANDWICH,13,14,6.59,4,97.05047886972146,1,,medium,2024-05-26,0.85898421066782,Sunday
T00057,BBQ,19,10,15.47,1,115.49829439633206,1,,medium,2024-05-27,0.8985696142371828,Monday
T00058,BREAKFAST,6,19,11.12,1,237.7297112165931,1,,slow,2024-05-28,1.018853590298676,Tuesday
T00059,FAST_FOOD,11,15,8.68,0,87.89338005290259,1,,medium,2024-05-29,1.0127733980700877,Wednesday
T00060,BRUNCH,10,19,12.57,5,164.80877539132655,1,,slow,2024-05-30,0.6938952384080024,Thursday
T00061,SEAFOOD,12,20,6.83,3,13.057516479881548,0,19.0,fast,2024-04-01,0.8706035234887259,Monday
T00062,PIZZA,13,14,14.24,0,47.76541404909359,1,,medium,2024-04-02,0.9020066307988603,Tuesday
T00063,BREAKFAST,7,7,8.12,6,9.525031497472682,0,9.0,fast,2024-04-03,0.9077434377907561,Wednesday
T00064,BREAKFAST,8,22,6.53,2,94.18402433553098,1,,medium,2024-04-04,1.107268781560813,Thursday
T00065,CAFE,10,23,10.52,3,49.158816294760825,1,,medium,2024-04-05,1.198692013812662,Friday
T00066,SEAFOOD,18,15,15.6,2,42.253054039537886,1,,medium,2024-04-06,0.9096774461712929,Saturday
T00067,PIZZA,16,11,8.18,5,108.95820867441836,1,,medium,2024-04-07,0.9879852628846671,Sunday
T00068,PIZZA,17,24,5.07,0,133.62505469982165,1,,slow,2024-04-08,1.306786532822527,Monday
T00069,SOUP,13,7,4.84,3,39.96779520555963,0,19.0,medium,2024-04-09,1.0232494988867,Tuesday
T00070,CAFE,6,21,11.78,6,97.04336365536724,1,,medium,2024-04-10,0.7942138776925813,Wednesday
T00071,BAKERY,17,11,15.61,6,56.727083501758244,1,,medium,2024-04-11,0.8088372870458177,Thursday
T00072,TACO,16,22,9.28,5,181.21927049672036,1,,slow,2024-04-12,0.6392337217658259,Friday
T00073,BURGER,10,21,10.19,2,154.3292430421481,1,,slow,2024-04-13,1.068379859916649,Saturday
T00074,SALAD,13,14,5.1,3,36.017679773944536,1,,medium,2024-04-14,1.1131275816057915,Sunday
T00075,VEGAN,13,19,6.56,5,161.27736553866032,1,,slow,2024-04-15,1.1036392826300578,Monday
T00076,GRILL,17,5,13.97,3,48.97066738873728,1,,medium,2024-04-16,1.1667819843580955,Tuesday
T00077,VEGAN,14,13,12.49,5,93.02830309058362,1,,medium,2024-04-17,0.7231839496615813,Wednesday
T00078,BBQ,20,20,13.47,2,90.20539056235394,1,,medium,2024-04-18,0.8204332636252759,Thursday
T00079,SALAD,11,13,13.27,4,8.002014476179962,0,11.0,fast,2024-04-19,1.1144094874475838,Friday
T00080,BRUNCH,7,9,4.2,3,76.5231504520744,1,,medium,2024-04-20,1.027473454133388,Saturday
T00081,BURGER,15,11,9.73,3,29.33581025026397,1,,medium,2024-04-21,0.8900237258648775,Sunday
T00082,FINE_DINING,10,10,8.79,6,222.36590839983214,1,,slow,2024-04-22,0.7627493826117895,Monday
T00083,BBQ,16,16,12.41,6,35.9512203927383,1,,medium,2024-04-23,0.7565357290308476,Tuesday
T00084,DESSERT,13,12,4.84,4,10.815394812935992,0,19.0,fast,2024-04-24,1.1212951997099783,Wednesday
T00085,CURRY,17,7,5.91,5,12.136379707017138,0,22.0,fast,2024-04-25,1.205254705209488,Thursday
T00086,BREAKFAST,8,23,13.32,4,78.919808491299,1,,medium,2024-04-26,0.993644948088864,Friday
T00087,BRUNCH,6,13,5.25,3,98.67270230914559,1,,medium,2024-04-27,0.8149399200913109,Saturday
T00088,FINE_DINING,16,5,8.16,2,31.796585515350028,0,20.0,medium,2024-04-28,1.0672868855140552,Sunday
T00089,BBQ,17,15,12.38,5,87.6724943708016,1,,medium,2024-04-29,0.9444127670086321,Monday
T00090,BRUNCH,9,17,12.87,4,84.97106346717085,1,,medium,2024-04-30,0.7130228874107095,Tuesday
T00091,SANDWICH,11,8,4.5,2,97.63625281431568,1,,medium,2024-05-01,0.9643872832294419,Wednesday
T00092,BBQ,17,25,8.5,3,85.6984315856639,1,,medium,2024-05-02,0.9151829501886218,Thursday
T00093,FINE_DINING,11,7,13.82,5,69.32991458846433,1,,medium,2024-05-03,0.8293922457623499,Friday
T00094,BRUNCH,6,12,8.59,2,28.317761869018938,0,8.0,medium,2024-05-04,1.0324825420922668,Saturday
T00095,BRUNCH,8,16,10.73,3,133.33249099453408,1,,slow,2024-05-05,0.6562712730468347,Sunday
T00096,SALAD,11,17,14.44,2,45.83068692785211,1,,medium,2024-05-06,0.817635393513352,Monday
T00097,SALAD,14,17,4.69,1,99.36082473962801,1,,medium,2024-05-07,0.9261103001730935,Tuesday
T00098,BBQ,20,23,14.52,1,76.25975673688106,1,,medium,2024-05-08,0.6725101987142015,Wednesday
T00099,PIZZA,16,5,8.61,1,18.43640393068427,0,22.0,medium,2024-05-09,0.950313015894243,Thursday
T00100,CURRY,17,23,14.94,0,83.03604739449679,1,,medium,2024-05-10,1.0957054356276916,Friday
T00101,VEGAN,17,7,6.55,0,165.454073786066,1,,slow,2024-05-11,1.0450518774833641,Saturday
T00102,BURGER,11,24,10.67,5,46.70425217506302,1,,medium,2024-05-12,0.9025510843274944,Sunday
T00103,CAFE,7,8,10.36,6,14.956830767756365,0,13.0,fast,2024-05-13,1.1683267000574582,Monday
T00104,SUSHI,12,10,3.98,5,75.01644325387421,1,,medium,2024-05-14,0.8531697543859869,Tuesday
T00105,SANDWICH,12,8,6.25,3,18.88760097793241,0,19.0,medium,2024-05-15,1.4256705690631186,Wednesday
T00106,VEGAN,14,9,3.6,1,51.68617459924669,0,15.0,medium,2024-05-16,0.9982512728419137,Thursday
T00107,SUSHI,11,22,9.52,3,127.23795575837451,1,,slow,2024-05-17,0.9700483052501234,Friday
T00108,PASTA,13,8,8.84,1,125.07069453448653,1,,slow,2024-05-18,1.385045808318664,Saturday
T00109,TACO,13,20,10.27,2,48.517573459321696,1,,medium,2024-05-19,0.8415175337790672,Sunday
T00110,FINE_DINING,19,10,4.64,3,48.7408454425111,1,,medium,2024-05-20,1.0410037282706737,Monday
T00111,BURGER,12,20,4.66,5,140.76740729933357,1,,slow,2024-05-21,0.817449951661364,Tuesday
T00112,BURGER,14,14,3.75,6,43.42634162983426,0,19.0,medium,2024-05-22,1.2429542311111648,Wednesday
T00113,TACO,17,6,12.49,3,115.90324708980255,1,,medium,2024-05-23,1.2288138956960917,Thursday
T00114,BURGER,10,14,7.06,0,38.915729517706296,1,,medium,2024-05-24,0.7676816573629033,Friday
T00115,SALAD,14,5,12.44,4,22.115306308084342,1,,medium,2024-05-25,1.0799891474103718,Saturday
T00116,GRILL,17,7,13.18,2,36.18783985116023,0,19.0,medium,2024-05-26,1.46713044551501,Sunday
T00117,SEAFOOD,17,16,5.93,2,122.95996991668733,1,,slow,2024-05-27,0.8469104986740373,Monday
T00118,CURRY,10,5,3.56,5,49.03653305263469,0,16.0,medium,2024-05-28,1.0503416594799198,Tuesday
T00119,FAST_FOOD,10,20,10.31,1,67.06312602376732,1,,medium,2024-05-29,0.6434766932090347,Wednesday
T00120,SALAD,13,11,14.29,1,1.7719145920976138,0,18.0,fast,2024-05-30,1.0661540194809052,Thursday
T00121,PASTA,11,11,5.48,4,54.71720795568046,1,,medium,2024-04-01,1.308900363291723,Monday
T00122,BAKERY,15,14,11.58,6,4.1708441221379156,0,16.0,fast,2024-04-02,1.0412516542541241,Tuesday
T00123,BRUNCH,8,12,5.67,2,11.017426495839128,0,14.0,fast,2024-04-03,1.5642808387050655,Wednesday
T00124,BBQ,17,13,13.76,0,164.11433568979632,1,,slow,2024-04-04,1.0155464230086864,Thursday
T00125,CAFE,6,8,12.78,1,21.8078651429054,0,13.0,medium,2024-04-05,0.9971326898836729,Friday
T00126,VEGAN,13,18,14.93,6,107.25238674245438,1,,medium,2024-04-06,0.9913033754130353,Saturday
T00127,SEAFOOD,15,15,4.6,6,103.48226134438838,1,,medium,2024-04-07,0.6330115645003571,Sunday
T00128,TACO,17,17,15.18,0,46.37832968827377,1,,medium,2024-04-08,0.84865874324135,Monday
T00129,DESSERT,18,18,10.9,1,14.51919990125248,0,22.0,fast,2024-04-09,1.187813309074123,Tuesday
T00130,PASTA,11,9,7.78,1,53.52136696995102,1,,medium,2024-04-10,1.3398236775111911,Wednesday
T00131,TACO,10,8,8.67,2,55.50485293974622,1,,medium,2024-04-11,1.0250580366293651,Thursday
T00132,GRILL,18,8,4.71,3,20.572076456759007,0,20.0,medium,2024-04-12,1.3091041306688505,Friday
T00133,DESSERT,11,6,12.13,6,32.25169174966803,0,12.0,medium,2024-04-13,1.1799527667888454,Saturday
T00134,BURGER,19,7,5.44,0,256.19044652930637,1,,slow,2024-04-14,1.150241910944082,Sunday
T00135,BURGER,10,5,10.17,2,133.77938932297235,1,,slow,2024-04-15,0.8884899439843335,Monday
T00136,BRUNCH,9,17,13.56,0,129.67142188080066,1,,slow,2024-04-16,0.9624659621320246,Tuesday
T00137,CURRY,18,21,3.78,1,52.80773868458225,1,,medium,2024-04-17,0.8178977576775318,Wednesday
T00138,CAFE,10,9,10.41,5,33.516592833714284,0,11.0,medium,2024-04-18,1.2045634909335678,Thursday
T00139,FAST_FOOD,12,10,7.59,3,7.281107773855175,0,17.0,fast,2024-04-19,1.1548532544236674,Friday
T00140,BAKERY,10,20,12.46,5,6.762750418094887,0,16.0,fast,2024-04-20,0.8035585217242397,Saturday
T00141,FAST_FOOD,11,20,8.18,6,16.16321428636547,0,15.0,medium,2024-04-21,0.7432455295123177,Sunday
T00142,VEGAN,10,19,8.05,2,96.74160847457111,1,,medium,2024-04-22,0.8366256483176564,Monday
T00143,SOUP,18,15,9.85,4,112.36314305675172,1,,medium,2024-04-23,0.8469911494763329,Tuesday
T00144,SALAD,14,13,7.32,4,55.20601378049125,1,,medium,2024-04-24,0.7178354490250436,Wednesday
T00145,DESSERT,17,23,13.21,2,297.46128512500024,1,,slow,2024-04-25,1.1119843237874067,Thursday
T00146,CURRY,11,19,8.01,6,121.0031271472809,1,,slow,2024-04-26,0.8811250996084274,Friday
T00147,BURGER,14,6,5.44,6,57.4644421895736,1,,medium,2024-04-27,0.7310097754057334,Saturday
T00148,GRILL,20,19,5.67,6,54.107918925643474,1,,medium,2024-04-28,1.2763092404532934,Sunday
T00149,FAST_FOOD,14,18,11.48,5,71.30141067953268,1,,medium,2024-04-29,1.0726798885510052,Monday
T00150,TACO,14,20,10.52,3,67.33713882311847,1,,medium,2024-04-30,1.134575654709288,Tuesday
T00151,BURGER,16,18,5.45,4,111.80790952901397,1,,medium,2024-05-01,0.849451287597682,Wednesday
T00152,FAST_FOOD,12,25,10.74,3,84.23351104815461,1,,medium,2024-05-02,0.8149018742882228,Thursday
T00153,PIZZA,19,8,6.05,3,4.6499789467782024,0,22.0,fast,2024-05-03,0.9383436243897707,Friday
T00154,CAFE,7,4,11.83,2,71.20802076117442,1,,medium,2024-05-04,0.9090197162325382,Saturday
T00155,BURGER,14,19,4.09,2,111.41410080128344,1,,medium,2024-05-05,1.236497525005806,Sunday
T00156,SANDWICH,10,16,12.56,5,51.94569042908573,0,14.0,medium,2024-05-06,1.1363292813787382,Monday
T00157,CAFE,9,4,3.79,1,11.85749802592717,0,10.0,fast,2024-05-07,1.4811269489666061,Tuesday
T00158,BRUNCH,7,26,5.7,6,119.87865653861593,1,,medium,2024-05-08,1.1999376987398507,Wednesday
T00159,SOUP,15,22,14.59,3,196.28706153710638,1,,slow,2024-05-09,0.7820741674794534,Thursday
T00160,VEGAN,15,12,10.93,3,169.63029509102927,1,,slow,2024-05-10,1.2327414440341722,Friday
T00161,BREAKFAST,9,11,12.0,5,227.8996285270493,1,,slow,2024-05-11,0.8091456237834846,Saturday
T00162,VEGAN,15,5,12.04,0,23.91308001862373,0,15.0,medium,2024-05-12,1.0408846352993244,Sunday
T00163,SEAFOOD,17,12,6.44,4,46.96547930642025,1,,medium,2024-05-13,1.0169653580009341,Monday
T00164,BBQ,20,22,6.62,5,35.63773130230843,1,,medium,2024-05-14,1.1153082640123495,Tuesday
T00165,SANDWICH,10,15,4.53,2,155.67767192120098,1,,slow,2024-05-15,1.11767701880391,Wednesday
T00166,BAKERY,17,13,15.34,5,39.784419072128514,1,,medium,2024-05-16,0.9753951722910643,Thursday
T00167,BREAKFAST,7,10,12.46,4,19.21017804428569,0,10.0,medium,2024-05-17,0.9419193511105032,Friday
T00168,BURGER,10,7,8.79,6,105.89255597805968,1,,medium,2024-05-18,0.9849245697780893,Saturday
T00169,PASTA,15,17,8.14,6,81.32314782216336,1,,medium,2024-05-19,1.1774006536722617,Sunday
T00170,FINE_DINING,15,18,13.2,5,198.2941750511877,1,,slow,2024-05-20,0.6621256722188343,Monday
T00171,PASTA,11,18,11.26,3,132.53411685924422,1,,slow,2024-05-21,1.1252332865409684,Tuesday
T00172,BURGER,11,7,8.05,0,73.50006242295221,1,,medium,2024-05-22,0.5256895381604796,Wednesday
T00173,BRUNCH,7,9,9.62,3,6.102027662368006,0,11.0,fast,2024-05-23,0.7924253316751437,Thursday
T00174,SANDWICH,13,9,6.51,0,16.17883883751762,0,15.0,medium,2024-05-24,1.0508767696480856,Friday
T00175,TACO,10,13,10.79,6,34.96926551225749,0,14.0,medium,2024-05-25,1.171555695797528,Saturday
T00176,SALAD,14,9,13.03,1,37.76126943952194,1,,medium,2024-05-26,0.9404938574860922,Sunday
T00177,FAST_FOOD,14,20,11.29,5,45.06246551049228,1,,medium,2024-05-27,0.9380982736290623,Monday
T00178,PASTA,17,6,6.26,6,33.44691175061126,0,19.0,medium,2024-05-28,0.7664468750618747,Tuesday
T00179,BAKERY,13,13,11.75,6,120.28558836739734,1,,slow,2024-05-29,1.2511179852176937,Wednesday
T00180,BRUNCH,9,13,15.13,1,69.6050338238215,1,,medium,2024-05-30,0.7865647109744381,Thursday
T00181,DESSERT,10,28,11.9,6,161.68303682656318,1,,slow,2024-04-01,0.953229750235316,Monday
T00182,BRUNCH,6,16,6.31,4,1.5976010984506095,0,7.0,fast,2024-04-02,1.1417905466627774,Tuesday
T00183,BURGER,19,17,6.0,0,31.101891334346888,0,22.0,medium,2024-04-03,1.3790930999105118,Wednesday
T00184,TACO,10,20,13.7,3,74.11412831319944,0,14.0,medium,2024-04-04,0.9600855010684223,Thursday
T00185,CAFE,7,5,6.55,6,62.791720939657324,1,,medium,2024-04-05,1.2668937092982877,Friday
T00186,CAFE,6,4,7.1,3,16.483613434283722,0,7.0,medium,2024-04-06,0.6769261960191447,Saturday
T00187,SUSHI,14,26,10.8,0,41.32157156325087,1,,medium,2024-04-07,1.1573585959238895,Sunday
T00188,SUSHI,19,26,12.42,2,42.961671126002244,1,,medium,2024-04-08,1.119418355751076,Monday
T00189,BAKERY,15,6,10.53,5,9.799044001163251,0,18.0,fast,2024-04-09,0.8195602811705103,Tuesday
T00190,BRUNCH,7,17,10.27,0,84.99344597216003,1,,medium,2024-04-10,1.000198611467357,Wednesday
T00191,DESSERT,18,7,12.24,6,11.921622887671823,0,22.0,fast,2024-04-11,1.3026732744255536,Thursday
T00192,DESSERT,11,14,7.86,5,59.70529578865888,0,12.0,medium,2024-04-12,1.024119557681332,Friday
T00193,BURGER,16,15,11.16,6,23.675375667090588,1,,medium,2024-04-13,0.824341461931493,Saturday
T00194,PIZZA,19,4,11.05,5,21.68822191063168,0,19.0,medium,2024-04-14,1.0385938326346864,Sunday
T00195,SEAFOOD,17,25,10.61,5,136.67551812944865,1,,slow,2024-04-15,0.7722279699758257,Monday
T00196,BREAKFAST,7,19,7.31,3,35.00799623407214,0,7.0,medium,2024-04-16,0.8238614003802651,Tuesday
T00197,BREAKFAST,8,10,7.49,5,112.64670541892662,1,,medium,2024-04-17,0.5,Wednesday
T00198,BREAKFAST,8,11,11.33,1,16.238164643143243,0,11.0,medium,2024-04-18,1.018441858632586,Thursday
T00199,BREAKFAST,8,8,13.02,2,50.782757065574465,1,,medium,2024-04-19,1.0954665553978555,Friday
T00200,TACO,12,7,6.11,0,16.107096078182096,0,13.0,medium,2024-04-20,1.211953525583611,Saturday
